Z_minus_fx,Objective
30,0.10061434467078265
35,0.08624083692702615
40,0.6
45,0.6
50,0.54
55,0.43636363636363634
60,0.4166666666666667
65,0.36923076923076925
70,0.42857142857142855
75,0.37333333333333335
80,0.325
85,0.27058823529411763
90,0.4666666666666667
95,0.03240790903224891
100,0.37
